<?xml version="1.0" encoding="UTF-8" standalone="no"?>
<catalog prefer="public" xmlns="urn:oasis:names:tc:entity:xmlns:xml:catalog">
    <uri id="Imports Wizard Entry" name="http://cpsagila.cs.uni-kl.de/GENIALOnt/0.1.1" uri="GENIALOntBFO.owl"/>
    <group id="Folder Repository, directory=, recursive=true, Auto-Update=true, version=2" prefer="public" xml:base="">
        <uri id="Automatically generated entry, Timestamp=1692908292776" name="duplicate:http://cpsagila.cs.uni-kl.de/GENIALOnt" uri="GENIALOntBFO.owl"/>
        <uri id="Automatically generated entry, Timestamp=1692908292776" name="duplicate:http://cpsagila.cs.uni-kl.de/GENIALOnt" uri="GENIALOntBFOtest.owl"/>
        <uri id="Automatically generated entry, Timestamp=1692908292776" name="http://cpsagila.cs.uni-kl.de/GENIALOnt/APPEL" uri="APPELGBO.owl"/>
        <uri id="Automatically generated entry, Timestamp=1692908292776" name="http://cpsagila.cs.uni-kl.de/GENIALOnt/hardware" uri="BFO2/domainhardware.owl"/>
        <uri id="Automatically generated entry, Timestamp=1692908292776" name="http://cpsagila.cs.uni-kl.de/GENIALOnt/hardwareKB" uri="BFO2/domainhardwareKB.owl"/>
        <uri id="Automatically generated entry, Timestamp=1692908292776" name="duplicate:http://purl.obolibrary.org/obo/bfo.owl" uri="BFO2/bfo.owl"/>
        <uri id="Automatically generated entry, Timestamp=1692908292776" name="duplicate:http://purl.obolibrary.org/obo/bfo.owl" uri="BFO2/bfocopy.owl"/>
        <uri id="Automatically generated entry, Timestamp=1692908292776" name="shadowed:http://cpsagila.cs.uni-kl.de/GENIALOnt" uri="BFO2/GENIALOntBFO.owl"/>
    </group>
</catalog>
