<?xml version="1.0" encoding="UTF-8" standalone="no"?>
<catalog prefer="public" xmlns="urn:oasis:names:tc:entity:xmlns:xml:catalog">
    <uri id="Imports Wizard Entry" name="http://w3id.org/gbo/hardware/0.1.1" uri="domainhardware.owl"/>
    <uri id="Imports Wizard Entry" name="http://w3id.org/gbo/0.2.3" uri="file:/C:/Users/Frank/Documents/git/GENIALOntologies/OntologyModuleSuite/GENIAL!BasicOntology/GENIALOntBFO.owl"/>
    <uri id="Imports Wizard Entry" name="http://w3id.org/gbo/0.2.1" uri="file:/C:/Users/Frank/Documents/git/GENIALOntologies/OntologyModuleSuite/GENIAL!BasicOntology/GENIALOntBFO.owl"/>
    <uri id="Imports Wizard Entry" name="http://w3id.org/gbo/0.2.1" uri="file:/Users/Frank/local/git/GENIALOntologies/OntologyModuleSuite/GENIAL!BasicOntology/GENIALOntBFO.owl"/>
    <uri id="Imports Wizard Entry" name="http://cpsagila.cs.uni-kl.de/GENIALOnt/0.1.1" uri="file:/Users/Frank/local/git/GENIALOntologies/OntologyModuleSuite/GENIAL!BasicOntology/GENIALOntBFO.owl"/>
    <uri id="Imports Wizard Entry" name="http://cpsagila.cs.uni-kl.de/GENIALOnt/hardware/0.1.11" uri="domainhardware.owl"/>
    <uri id="Imports Wizard Entry" name="http://cpsagila.cs.uni-kl.de/GENIALOnt/hardware/0.1.1" uri="domainhardware.owl"/>
    <uri id="Imports Wizard Entry" name="http://cpsagila.cs.uni-kl.de/GENIALOnt/0.1.1" uri="file:/Users/Frank/local/git/GENIALOntologies/OntologyModuleSuite/GENIAL!%20Basic%20Ontology/GENIALOntBFO.owl"/>
    <uri id="Imports Wizard Entry" name="http://cpsagila.cs.uni-kl.de/GENIALOnt/0.1.1" uri="file:/Users/Frank/local/git/GENIALOntologies/OntologyModuleSuite/GENIAL!%20Basic%20Ontology/GENIALOntBFO.owl"/>
    <uri id="Imports Wizard Entry" name="http://cpsagila.cs.uni-kl.de/GENIALOnt" uri="file:/Users/Frank/local/git/GENIALOntologies/OntologyModuleSuite/GENIAL!%20Basic%20Ontology/GENIALOntBFO.owl"/>
    <group id="Folder Repository, directory=, recursive=true, Auto-Update=true, version=2" prefer="public" xml:base="">
        <uri id="Automatically generated entry, Timestamp=1664022687579" name="http://cpsagila.cs.uni-kl.de/GENIALOnt/CarModel" uri="CarModel.owl"/>
        <uri id="Automatically generated entry, Timestamp=1664022687579" name="http://cpsagila.cs.uni-kl.de/GENIALOnt/hardware" uri="domainhardware.owl"/>
        <uri id="Automatically generated entry, Timestamp=1664022687579" name="http://cpsagila.cs.uni-kl.de/GENIALOnt/hardwareKB" uri="domainhardwareKB.owl"/>
        <uri id="Automatically generated entry, Timestamp=1664022687579" name="http://cpsagila.cs.uni-kl.de/GENIALOnt/roles" uri="roles/roles.owl"/>
        <uri id="Automatically generated entry, Timestamp=1664022687579" name="http://cpsagila.cs.uni-kl.de/GENIALOnt/sensortypesontology" uri="SensorTypesOntology.owl"/>
        <uri id="Automatically generated entry, Timestamp=1664022687579" name="http://purl.obolibrary.org/obo/envo.owl" uri="envo.owl"/>
        <uri id="Automatically generated entry, Timestamp=1664022687579" name="http://www.meteck.org/files/ontologies/PW-BFO11216PM.owl" uri="part-wholerelationsKeet/PWbfo.owl"/>
        <uri id="Automatically generated entry, Timestamp=1664022687579" name="http://www.ontology-of-units-of-measure.org/resource/om-2/" uri="om-2.0.rdf"/>
        <uri id="Automatically generated entry, Timestamp=1664022687579" name="http://www.semanticweb.org/frank/ontologies/2020/0/untitled-ontology-21" uri="eFuseSolutionSpace(function-solution).owl"/>
        <uri id="Automatically generated entry, Timestamp=1664022687579" name="http://www.semanticweb.org/frank/ontologies/2021/4/untitled-ontology-133" uri="testontology.owl"/>
        <uri id="Automatically generated entry, Timestamp=1664022687579" name="http://www.semanticweb.org/wawrzik/ontologies/2019/10/untitled-ontology-96" uri="EffectChain.owl"/>
        <uri id="Automatically generated entry, Timestamp=1664022687579" name="http://www.semanticweb.org/wawrzik/ontologies/2019/8/untitled-ontology-94" uri="HW-SW-Allocation.owl"/>
        <uri id="Automatically generated entry, Timestamp=1664022687579" name="http://www.w3.org/2002/07/owl" uri="oneM2MBaseontology/base_ontology.owl"/>
        <uri id="Automatically generated entry, Timestamp=1664022687579" name="http://www.w3.org/ns/ssn/" uri="SSN/ssn.owl"/>
    </group>
</catalog>
