<?xml version="1.0" encoding="UTF-8" standalone="no"?>
<catalog prefer="public" xmlns="urn:oasis:names:tc:entity:xmlns:xml:catalog">
    <uri id="Imports Wizard Entry" name="http://cpsagila.cs.uni-kl.de/GENIALOnt/hardware/0.1.1" uri="domainhardware.owl"/>
    <uri id="Imports Wizard Entry" name="http://w3id.org/gbo/0.2.1" uri="GENIALOntBFO.owl"/>
    <group id="Folder Repository, directory=, recursive=true, Auto-Update=true, version=2" prefer="public" xml:base="">
        <uri id="Automatically generated entry, Timestamp=1679564023848" name="http://cpsagila.cs.uni-kl.de/GENIALOnt" uri="GENIALOntBFO.owl"/>
        <uri id="Automatically generated entry, Timestamp=1679564023848" name="http://cpsagila.cs.uni-kl.de/GENIALOnt/hardware" uri="domainhardware.owl"/>
        <uri id="Automatically generated entry, Timestamp=1679564023848" name="http://cpsagila.cs.uni-kl.de/GENIALOnt/hardwareKB" uri="domainhardwareKB.owl"/>
        <uri id="Automatically generated entry, Timestamp=1679564023848" name="duplicate:http://purl.obolibrary.org/obo/bfo.owl" uri="bfo.owl"/>
        <uri id="Automatically generated entry, Timestamp=1679564023848" name="duplicate:http://purl.obolibrary.org/obo/bfo.owl" uri="bfocopy.owl"/>
    </group>
</catalog>
